<?xml version="1.0" encoding="UTF-8"?>
<!DOCTYPE xml>

<suite name="Gahoo Search">

	<parameter name="baseUri" value="https://casino571.b365uat.com/gamingservices/gam-gahoo-svcv1/api/"/>

	<test name="Gahoo Search test suite" parallel="methods" thread-count="30">
		<packages>
            <package name="tests.gahoosearch"/>
        </packages>
	</test>
	
	<listeners>
		<listener class-name = "common.RetryTestFailures.SuiteResultListener" />
		<listener class-name = "common.RetryTestFailures.AnnotationTransformer" />	
		<listener class-name = "common.CustomReporter" />
	</listeners>	
</suite> 